Province,Year,Oil and gas,Transport,Buildings,Electricity,Heavy industry,Agriculture,Waste and others
NL,1990,108.37885171078987,55.74378267337607,114.4261411926786,85.5789925881399,100.96354332614725,100.89628129889226,98.91182384540608
NL,1991,93.62342048332994,87.37687834800126,83.6059148952857,,109.50079038000771,,80.58140210422604
NL,1992,105.0273668233976,93.12681944375692,94.10142507180986,101.31259574717724,86.4010295087339,,
NL,1993,109.12088214348174,110.3907042848315,95.05139599000827,99.58291338678868,106.63330695796635,111.37566835761976,112.70360418335711
NL,1994,78.82756222518006,91.03858923436464,108.818783261854,105.11551762391711,104.5511809627474,85.26110473359114,
NL,1995,85.4449113474416,104.07406619012303,100.0887631042167,84.650374046795,94.25625750744004,86.4201569414442,82.52989383143951
NL,1996,112.23923159963446,113.11118596316584,94.52429306342074,102.30472441105418,107.72031022199586,100.14395014085846,
NL,1997,111.25196762062625,92.33570543368542,110.54203386760192,102.1868246216174,94.16611505585774,,91.15338963854356
NL,1998,100.80000221115117,106.83578600168484,102.00468117835224,97.3860174834591,89.73024052086407,98.02637475848152,78.17112864157346
NL,1999,104.31001627616352,89.64755155538417,103.49206337634588,113.79450466814934,104.79662272227158,106.04143702771302,104.93970079589704
NL,2000,85.00216245538539,104.13059573689212,105.10185466501804,105.26117098212195,93.17655283638288,109.92000388396502,96.826358693288
NL,2001,88.1008998248891,101.02291623078769,108.5552600398938,82.59019367988071,100.89237675245307,107.9406643791844,98.11698631351678
NL,2002,99.41751977360228,110.14857455677536,116.45045081504604,91.83070522618348,102.1667836705184,83.31689298288742,112.31653950112394
NL,2003,,114.00964665839248,109.85258825681969,100.22029358051616,118.64510088131456,,
NL,2004,95.19009891288616,99.92259443699356,103.68311201282418,126.46641109486328,,,86.58381556906184
NL,2005,95.8903828116022,,,111.754319528032,,93.75655374419836,83.9944655767938
NL,2006,89.37024786633604,93.70864682070712,107.4849538424234,100.12935588454702,109.07485165793132,93.89637519156976,105.05934436705432
NL,2007,84.14516936514221,81.0389595262411,99.11050795281152,99.0802976350936,98.19329849087048,89.10111660124024,110.24268429958936
NL,2008,107.8985495789942,93.15367682935776,102.76649461874248,110.55635299819603,86.68468979165937,112.20662094183476,94.816655366573
NL,2009,109.53184209919046,102.26847423551855,94.51304581908036,88.32206412812809,94.63090227944582,93.56300856111882,110.823441899815
NL,2010,117.19211117320802,101.95098126799635,81.49962965993271,113.83817839029328,101.89893264879952,100.1851609298752,
NL,2011,94.70874086281904,93.59361550750826,,99.01013379876778,96.60973197160276,,95.36358633886896
NL,2012,104.28478677111904,108.89514413771664,84.71248586907817,102.47548182034262,77.78303055409665,106.92752075382792,90.53971038040086
NL,2013,109.03740315155744,92.19765650849044,105.22176897955389,104.0293631126883,91.76876664424518,105.883812981232,95.31440672501526
NL,2014,102.34397575112652,103.5137540549652,109.42273078422976,97.26988699843056,,99.37593522065102,100.70612338281472
NL,2015,93.58321169625052,103.37061823750764,94.28853245284496,,123.72374973220148,107.80977313927582,84.54315859388315
NL,2016,104.05340672536032,108.79367015260694,92.9073851747688,118.2138707789262,87.74403590436327,104.1331202701947,109.76977345251822
NL,2017,95.35967071342924,115.00004386801577,93.37992207054916,91.18357622895024,112.05538868858424,110.54267818542328,84.76226583257694
NL,2018,101.40781932999596,,92.07903380375032,117.4272433269193,,96.84774083188005,82.10020576014435
NL,2019,105.08211410542424,89.75698637541299,91.35671139006725,90.53385273162934,111.7537610073756,90.4731518302228,100.68824381887748
NL,2020,,110.98870750368556,105.02105985124868,98.6358918421762,94.4949499212769,106.71691630977509,93.38524290676642
NL,2021,88.53924089135738,95.82799073284431,94.81375739783375,92.74206124809524,86.4817012075201,96.69896067907985,100.37867394036552
PEI,1990,87.15185409892362,91.96266562862772,,96.72127888779616,,101.38132156413867,89.35945662597155
PEI,1991,94.29904262591896,98.01259260795668,104.33553425225776,97.17881656163031,104.98965990211514,114.76645840786573,98.24274660983474
PEI,1992,100.69295815124654,,83.8676495287343,90.66896020149846,100.32626881877673,118.36440484947371,108.50055122825304
PEI,1993,98.53723249518278,96.2435697107126,94.93424183765656,101.66125827256788,108.91511089759746,101.37322883319452,96.62864059452302
PEI,1994,107.90423876629389,101.17958057477932,98.01430060418409,95.937661536593,100.20524813797628,106.0551550346971,121.91282972019992
PEI,1995,114.77038734531752,87.10650244161754,90.32426916465003,113.69235237792812,92.94373683073248,102.11834088518889,80.67397467938491
PEI,1996,108.0823763493784,120.05624051808294,,83.30581321596395,86.23387241947229,90.58905502987774,82.667914157068
PEI,1997,73.94369478988463,111.37530958490366,88.2478380329847,83.93903420492532,95.8350184096882,110.31689939993012,112.40019377820168
PEI,1998,105.83875564900836,,104.46957376786972,,107.50175763971448,97.19356259773184,103.5246950471144
PEI,1999,116.93324964748906,,93.08494313464844,,98.75697469055017,109.39610051279767,88.5010112246964
PEI,2000,106.6243133156411,89.3210673851858,,88.2145424771202,110.34872650450562,90.22097896364748,110.47268551832492
PEI,2001,82.9986837849379,105.7667482413392,85.30057160682016,117.38003037275529,,93.61650648177095,94.53698523912934
PEI,2002,89.44684167336314,113.5305460665827,99.41180169512894,94.3976062341572,94.92158955518384,107.72678175826572,109.98222506934457
PEI,2003,96.39409850723086,97.87164866927311,112.64682623825864,,,96.54581969982844,92.8677425375746
PEI,2004,100.99783587917996,109.7392765949099,94.54470127712756,114.98973447569732,114.46037447077585,114.8505120759694,86.14030883457005
PEI,2005,113.08759156154925,97.06645011692252,103.34430366985468,98.14994549860847,111.9322875530435,91.37944303886589,99.1617297117962
PEI,2006,98.2471682344935,96.87385169905993,94.9445354569078,122.99190604840084,100.52133438187772,98.37715013990396,85.9021589955742
PEI,2007,83.66472230946289,98.32778850591336,89.55123023607773,101.6226177413458,97.36677825943067,105.30085756084772,103.91917310409283
PEI,2008,102.40191922164222,90.28771450740858,92.51812163386342,114.29778459683516,83.20366247349489,95.68745661460356,
PEI,2009,101.98185377615512,109.6625962569734,108.34625431589598,107.7590454873366,96.99845807381782,81.78903313007696,96.16197975324042
PEI,2010,109.30446862081888,95.14353130727883,82.1293509383542,104.59648582018578,81.42750587559743,116.77221309038782,
PEI,2011,110.59266557961398,80.0994637393326,102.41325555518344,101.94450154286824,118.22959104136264,77.24352776471396,102.84669422962268
PEI,2012,109.42360707752196,95.98544216235985,116.4433592754184,95.26623565043914,113.90125304227334,85.39832429735849,89.08696417274015
PEI,2013,124.15994880581935,100.12791783006288,103.13921556914434,101.23172479983565,108.01103873936712,98.69352931121183,96.6337408010004
PEI,2014,91.060520870192,107.79326962618524,104.2946455462822,105.84302545664224,85.23804883191829,97.04195628281497,97.71046114912538
PEI,2015,94.97162388253888,81.19668201400806,78.65763604324263,103.0551546372239,114.02358158344094,115.25291210249468,86.89043926460964
PEI,2016,87.03974013629758,112.8595791115113,101.33142976509166,98.98062540295874,88.69185118961323,88.31656182732914,110.3446629559199
PEI,2017,107.11541895005176,,92.47776463725712,137.14122823423338,101.99228570942608,111.62559020247278,114.30649951128152
PEI,2018,111.51035942743373,102.89467488355903,85.46094869456543,96.02697040420776,,85.1371589396852,105.89907605855896
PEI,2019,98.30410519091976,,101.02383789123732,80.64064939340078,97.2217836634765,94.14543574657812,106.9151427481366
PEI,2020,94.77069146194025,91.72190436945364,107.15515946845936,112.19203918038656,103.4339937103786,101.68204677819767,88.24856215635765
PEI,2021,94.89464249028724,84.16731921068104,,83.61845533583259,110.49160258170816,103.16680184492463,84.8375458422093
NS,1990,102.52972158895707,,,98.86444701324952,98.41996959607184,100.38425161724894,95.25781557428756
NS,1991,,98.61456509223474,97.3011269313604,102.02049319265431,116.36551901905324,120.42334468264067,99.1657435647593
NS,1992,101.35584825069122,93.37215743795784,110.84092031463432,105.20746831780323,98.86168238622236,,109.13823957174046
NS,1993,85.24570894913444,88.64134074943453,,105.5122571721574,106.2114560449172,91.24287736463364,100.91063487436708
NS,1994,91.27650775482996,,84.23561099907268,98.90852267557652,88.67210094373334,92.02135732306624,
NS,1995,110.95597438229252,106.18790171676984,95.03997412909035,112.09168760673572,95.68388390512676,115.03760619485988,108.91489197633116
NS,1996,,119.30408706716972,93.36575540235609,92.97448696959752,102.32536474603482,104.6849018780823,92.2723522742109
NS,1997,76.97519587365173,99.34671850323244,97.33414038554696,93.89706836794164,115.35975051927778,91.44010350105364,99.7435211434505
NS,1998,85.01968146503964,95.37258564193716,84.74408774360501,119.30671361498572,95.15283000073195,100.08317088807988,92.28707837084526
NS,1999,76.18344078911615,94.11561291420033,93.29094056498164,116.75401098600958,106.47292586502816,118.45913554671772,76.54030608368683
NS,2000,,103.51922645430643,110.7275386173984,,111.88745610307434,98.03377836255666,
NS,2001,96.15953523998851,103.54719204418502,86.82373858337219,95.22656663629976,105.4774875672584,110.70355282017748,104.11082118873628
NS,2002,108.68427375999734,117.53667446035806,104.10106416956762,97.21065182541214,104.12199960236632,96.6684172690675,112.5280211602116
NS,2003,101.93968931980292,102.5893421245044,92.22984138324398,,105.68992488325796,97.5529444850601,100.03410395433131
NS,2004,98.18903910436904,,100.34116938179044,95.12848271553958,101.62787552762973,91.500977305134,115.69778217454586
NS,2005,97.12126137187592,99.47876044068734,94.28647399041031,102.5593644440226,107.51674708327596,109.89455065389036,
NS,2006,111.64227040628506,97.62931403597236,95.35552466458547,95.12940638150738,111.80732721472566,92.36121641771372,100.37067782649018
NS,2007,115.96395824927356,104.3395497019025,90.78624120848968,97.18704078257625,92.28829832713168,105.4477396589336,
NS,2008,97.190652544972,86.88011179766455,99.98949664827197,,103.32127182980317,89.77525029515893,95.62786343304342
NS,2009,91.3520318141673,105.55631992120772,104.60791482863532,103.69994252983008,89.3419114263876,94.03450759569628,91.46959339405434
NS,2010,94.72517867029006,112.22042470027584,85.27672784948683,96.17396787752072,98.75871981585804,,110.14511686677906
NS,2011,113.73591506252885,109.43602698462936,88.32739700305814,119.07080545758528,86.4192479243721,107.32272260052582,
NS,2012,101.09452785502737,93.58173739151373,100.77552232975104,95.79753518592844,102.54061079979614,111.30445125987532,100.88058504606332
NS,2013,,110.46751900865816,100.10597891142412,84.88440500365391,106.94997015866907,97.96891971540718,
NS,2014,100.3512307651682,86.1381704947431,93.4234318210202,104.75389635312406,95.94889320831857,,108.735720250305
NS,2015,106.57722952119131,84.79335898020102,,,110.53607990236966,107.98586372393925,109.214825427426
NS,2016,108.14694176590612,86.83133750658634,102.145195783208,97.6847828671799,,88.546262403445,92.20975068570142
NS,2017,102.28035283984336,92.88573842692614,96.4339067849178,97.9768625020348,98.33163017407048,112.48927407918816,104.46843559598952
NS,2018,97.82538484771696,95.17700878762447,96.17509227779452,92.53649602529435,86.54262105802808,104.21398895662438,99.5751982526979
NS,2019,99.31767315254191,80.56756564308702,110.88457131194184,,97.73779746983762,117.34244217305448,
NS,2020,123.926007813455,97.6796926873948,83.5713058777991,104.7816536136998,90.3957117755068,96.077873068706,116.37210871664298
NS,2021,104.5248664019518,100.25707777984924,,104.9052006767608,96.6108550526074,107.78337870392552,93.46186317686654
NB,1990,83.78580760938335,102.5477344824375,98.15155078619208,94.5513584458882,116.00702788126458,111.76392778722084,93.85257004419266
NB,1991,92.28801745122404,84.54105435437187,105.56499257949048,105.34894106783784,95.23499163232168,93.69587845524028,102.72493189286637
NB,1992,83.55482641466037,111.42063197088824,108.19060318042736,116.28968872058802,90.47434373836788,90.74997726754532,83.53803587019519
NB,1993,109.04517072245264,112.709075944627,,120.2285765042166,99.07069846973071,98.4420797176206,
NB,1994,97.45253009854856,121.11456937076908,102.15779034677848,102.42057632370714,108.31001562581206,91.37442057922588,103.2319145999262
NB,1995,86.79124469765226,113.51967797189884,,80.39794963017947,,90.19806262580676,93.8223306725945
NB,1996,101.82273436535247,89.78506341175199,,104.28277312009912,90.13081619154796,104.32996040142856,97.56498498481685
NB,1997,91.38419941574656,109.48789952181606,85.04136723439224,83.83562356200007,105.17091662503256,95.1828369334918,
NB,1998,85.80305173306161,103.34483222419288,100.20070959845872,102.49444803387924,,105.40877094466084,104.07037028563327
NB,1999,68.92310849704583,95.4210721141828,101.26972851003556,95.10371786734846,99.87170796571084,95.94827765350328,92.84945617182528
NB,2000,119.1634177649766,122.56577578462252,,108.45010202279396,103.33615647794726,85.83754517490505,101.21063790041616
NB,2001,91.07028930431696,,81.61431421138685,127.01297199288942,90.47489985298128,,99.27555148948036
NB,2002,98.10301786072024,114.32005430522013,106.99243008947424,97.98344814260344,98.8143127487046,105.27798902728584,106.06664820994412
NB,2003,85.50577195881444,102.96107484663304,101.7978131477725,113.23319846203502,111.82214682097674,106.92520094111003,101.29580331258524
NB,2004,100.47419249047682,98.4522781898505,100.59006059456064,100.9458885575076,103.38508348409292,107.60235537136356,87.45891326487208
NB,2005,95.44460697186662,105.05851925179448,86.10137904628161,73.87510843126621,104.60303832016604,110.2029302485198,107.37164519908312
NB,2006,109.36010111394688,108.76621603713738,80.09018042225051,88.77555251844835,106.92406814622332,119.47375491463838,104.72150440484896
NB,2007,119.93624777768072,113.39828416397316,117.47374766376232,89.59424738180283,108.20726657722928,98.249111334485,90.41910390305742
NB,2008,104.6448451220694,,101.593705853314,98.53833942302415,104.40091243429656,106.93470049314335,112.10265762408795
NB,2009,111.82745052133244,93.18584431795112,107.98378775380704,,103.40636745463776,98.63689136861508,117.20417590610862
NB,2010,102.90561437888783,88.02030934907543,102.87548232587456,,92.08377899684338,98.7083999373477,102.7107059453412
NB,2011,104.58101329134774,,103.31206736164756,100.54938013100248,108.62793146889952,93.83129483850422,100.18583751310216
NB,2012,,120.12552575492506,,120.33083707447685,111.14652668281455,87.99996821278886,115.45931270527902
NB,2013,84.5841610804513,97.2516367906006,85.60250182158694,102.30268905245516,94.14003313892108,96.16603582528346,100.71963239240186
NB,2014,87.13187300021224,87.69389951577709,110.09863208440127,92.8380618922878,106.47656615873036,96.08658577020071,95.84370322147934
NB,2015,102.84347156383517,119.07174296312766,106.89944218447653,,112.9003668300579,88.22980531034668,112.06082493754388
NB,2016,93.61345764201414,96.25863012195856,84.13593242951265,95.46843141742556,111.39265609028992,108.98822082004602,98.49883290655389
NB,2017,97.10648251611686,88.01184300202983,82.74443284363353,91.61815518242122,,82.0308251626814,110.0597740619084
NB,2018,67.60749181025479,96.05778597053184,100.1031255051367,107.23110282579594,,89.06432486915446,97.92325968398607
NB,2019,102.41393469799452,110.53513651535488,90.52888463605122,85.87571689258195,92.57073669895917,86.82032425062155,94.10969683011764
NB,2020,111.57333196721711,118.11799925453307,75.28781762605747,103.92184115807991,102.3768707989452,86.44542257395288,103.19469025365812
NB,2021,98.6253677699277,93.94187861311678,106.8542108552804,,93.23484812609668,102.10591098800404,79.85694414724817
QC,1990,108.29297143451248,94.54524049340866,,108.3891512433185,100.53156802805684,95.38028152643538,94.9082500608957
QC,1991,87.50070229219992,101.04404000388745,121.99554838070031,101.65268251924562,97.7438298054718,95.17455508781951,88.0314482984002
QC,1992,91.91585511908026,86.26236364472263,119.97474834889124,113.7254105195701,88.15392334308675,90.53712973679968,110.22459368549023
QC,1993,116.18545575147228,,121.85341551777051,95.06843268742496,94.20619614166546,110.79857570258731,96.11262269132894
QC,1994,105.96059383448927,89.51725694490133,89.8619646591101,103.6197625693532,98.7544415489395,79.05306266977148,103.79527656630624
QC,1995,99.20745528863768,86.2852163377524,101.90723502870196,112.87231593327324,103.94960612934456,86.90183119450644,108.85372614532204
QC,1996,98.25590483359892,89.23601901763936,99.6892996968428,105.47203339026376,113.39386953546386,98.18709982896246,113.91163814603578
QC,1997,,108.29346716718854,98.50771828616968,84.63632734048211,87.38282162245942,107.42047402437244,90.07781889825776
QC,1998,94.37625447366412,102.29823157574911,94.52483346546936,104.8337092230454,,,105.59389798308244
QC,1999,105.97025045915966,91.99906944523444,98.27510377883075,113.73698320140304,105.1828942389911,109.09583955309527,
QC,2000,93.77926166801224,106.62293580056208,97.07994654728452,98.19822191540554,117.21066651751528,90.12779555444315,93.5561327055334
QC,2001,95.21421671734775,70.631873970582,108.40664598085192,106.67327711123336,107.75558157423842,96.33841460093063,112.3257017113056
QC,2002,,105.56517658796687,100.0004467819315,90.28145423958564,103.56366482325208,108.00475957578288,82.98415625241259
QC,2003,112.52908791597434,99.99350224504586,109.6598655534162,114.51638021859068,88.55260787384353,99.2042432858638,90.04027151746682
QC,2004,96.80903210984717,89.23024106617741,81.16223996436057,93.22261039919442,82.77282596510423,130.22587550103188,85.23704057565091
QC,2005,102.001255938634,72.87723984423869,,99.58826287036182,97.4634818193418,110.171866707851,116.98339476963008
QC,2006,107.75463133019338,116.3013220260264,99.99684841644228,102.37695537653636,101.85341508524458,101.10994284104812,112.0905497671618
QC,2007,95.95994457383556,,104.84838840993436,,89.46037809865146,88.05874788512192,98.49958172063532
QC,2008,110.11523312873187,113.93598265150462,106.56114991425092,102.34285178873056,,115.8490999216079,82.0885402407585
QC,2009,,115.80949932772432,115.6229939189372,102.83666277721302,107.27956466364176,104.39068599674104,106.26233643712456
QC,2010,96.83610195062386,108.73816444305484,108.8145057951073,,109.72409151455209,87.0417819398493,97.20864986842314
QC,2011,103.3600091144478,101.60220731479288,111.71492302060037,89.96127072311785,,,105.1067134089365
QC,2012,108.23803866361214,,,102.48767614382966,106.96317672987952,98.52721898077688,105.43571834017834
QC,2013,105.8253044069023,100.47515666710257,102.55806837058928,100.6779630765774,94.18692945028153,109.55143520061807,
QC,2014,109.91811266974078,125.43775872095394,104.87105651867238,115.66436193681876,98.5005757375207,97.3274107117829,110.03336411631324
QC,2015,96.4390987385812,91.49926333513724,99.73347029962312,109.92293848129202,108.11691845355836,,93.9987285749471
QC,2016,106.8792456643462,108.77765134167788,102.5061329127263,96.68629656033788,74.17296431338426,95.33573848746236,93.66449051108624
QC,2017,101.90327320233932,88.27062680403587,106.78862265525818,99.5864228756566,97.6286248110285,97.1727415119153,83.08198544684734
QC,2018,104.7242097339849,107.80138082956306,83.5894032049553,,104.43891468129053,83.61903195367927,110.70193673192334
QC,2019,92.76153517437108,97.93648625435128,,104.20895189753934,94.4670525446867,,103.91109377317794
QC,2020,115.86651153961851,101.90448456082984,100.58324011396992,90.56997514588284,,111.68787633901844,
QC,2021,80.31370324509706,84.24319640326789,,95.9397981615092,107.84402365532944,100.84492147039296,102.29505036740156
ON,1990,100.70878291969734,95.08614134264924,107.7274373876038,100.01399789026254,100.7027004951936,107.07786432895185,104.73768647198403
ON,1991,97.07852787334352,98.02008139392788,113.5119985698486,83.93244037676305,99.24517746201349,86.036245552072,
ON,1992,89.22540196894812,115.76880749954093,106.60425797828292,100.99154395151083,106.45078157014903,90.0669741359705,106.46849572841096
ON,1993,,105.1572317238167,93.5244902776805,,95.48166508152738,111.95840784810513,91.32138104506946
ON,1994,82.36476199286352,117.2526201332468,104.00329439609484,107.46119968657622,104.96508681630378,111.23163533707124,
ON,1995,98.10296326020148,89.89865387663738,99.38348837036445,114.85958508939238,114.02487580818048,102.3633063586937,119.63003998368316
ON,1996,103.13688379089062,93.31946234732835,,105.04822019320544,100.91556242474336,91.32392780212692,87.94646521277724
ON,1997,103.56154201309757,104.17778691433486,100.74119823929878,88.67996573559198,104.50007171324336,111.0985253238106,93.93090369589046
ON,1998,92.53782194143687,94.82773701187128,,95.96737653201356,97.91951665829428,109.70898186367356,89.39840139086216
ON,1999,97.32014873885385,90.04481070071206,97.38681174445304,95.09418420579313,94.97320776904697,102.8973132454034,82.19430984192105
ON,2000,85.3605876425088,,109.07152279320442,103.29101714521714,103.38363690728896,94.53820631399287,99.60207820153872
ON,2001,,95.76137995043506,95.08577363576994,97.73920630992184,101.49331547586976,103.55806922154471,87.12638972375132
ON,2002,108.42019173377568,105.93007647314629,97.73725339643616,111.81172601756236,102.125627922496,89.72579455444244,101.32190619298504
ON,2003,108.6837819175586,98.68067551225376,,93.84004300669189,88.79913754652134,112.0226882167855,83.8038275083479
ON,2004,101.872409493638,99.07083981053216,96.7152555972206,84.367329692347,90.87095870466212,98.0590978575904,101.90756536321491
ON,2005,104.10486291367194,109.56508494291592,90.49271194359862,116.62773424560656,103.84515733141708,101.93483934624452,95.09680138773024
ON,2006,,84.94611891499912,85.97205191270793,108.6520391379958,94.31357073287916,108.00895084853887,97.16091774073004
ON,2007,102.08699639913644,102.98485953631516,90.68498317396696,,115.1932407481222,101.05327883991323,115.39062711067196
ON,2008,85.19811941392067,103.94347908589872,91.31146093212344,83.13935926023504,101.42908540312128,99.11852271713676,82.76170825279848
ON,2009,94.378644976513,82.70700698835486,105.91090550600052,111.40594660619544,83.20449050875831,108.1180960478669,94.06097971889317
ON,2010,108.74778684976218,103.08332454573058,105.76319179577776,86.48895642784089,101.78331021910958,,92.85973901184433
ON,2011,108.12717463574845,102.68702285199676,96.68036723060256,106.31375230617644,85.36516551917582,101.27115536218182,100.29390642987124
ON,2012,104.79464088557717,,,,102.26770506989716,123.067041150045,93.74344910998693
ON,2013,99.31501976574012,,118.72108634184116,88.93632547749326,99.38984264167176,100.37316616884156,96.0542572377764
ON,2014,97.21432216787704,84.37600064041841,100.931977906168,,107.38467900203818,97.70655733456816,108.4295517820919
ON,2015,97.81274414740344,107.45812902246738,97.99205568311676,110.39715407492857,101.23387844676508,104.07052707191464,82.24426057881205
ON,2016,,117.7291620885962,,106.31068942460922,115.15426256002527,98.27125856801447,
ON,2017,96.5935854734268,84.86674741249048,109.50429047664376,101.90797983857674,91.58749766893668,,108.4063707639298
ON,2018,98.70023230180875,97.736204262692,107.31059052509109,109.84238002619912,107.42469709368916,92.808717565094,101.42484594032598
ON,2019,109.4765576137554,96.51085804220422,106.02877835957536,99.62750701288044,86.57672066598786,110.91639622769182,82.33010547785635
ON,2020,92.09307851269222,84.80530022520311,93.72925151193272,,104.06553596151184,114.56530853268718,101.19925449496591
ON,2021,100.35460319627218,92.14611149302868,102.13617403706864,84.53943189889024,,110.22199085696568,109.50468725465142
MB,1990,98.92799268830576,95.99832279251578,112.79996893112892,101.5007117424742,91.66043837188064,96.7782372895818,96.71499554433754
MB,1991,104.87540532568366,77.90297787887513,98.72068423168976,112.03320460157926,77.87791715619053,112.47154949786366,104.3715378285822
MB,1992,,116.05368744546492,107.39973378694334,82.53369119405185,91.11578588023735,92.4818183469353,98.9604262526753
MB,1993,94.50758408313364,95.84341646530282,,101.55763630064618,106.23141359556504,109.37305940465129,85.05698854657786
MB,1994,,99.451610993609,98.03135654176984,92.43519850038996,112.7247568362396,,112.01908438436826
MB,1995,99.281599277479,122.2964014525336,123.62390297791003,89.42842229803355,102.05359449864392,91.48284424148407,94.81558833145792
MB,1996,99.59769872668988,,110.3894494621106,93.47043261128714,89.536155479636,90.90640725575848,
MB,1997,119.02958014495208,111.46108432835553,104.368103870075,108.66962870937404,84.30582777185882,91.03457944414554,84.51887429760454
MB,1998,92.50386806261903,108.77500261156774,,106.48046939636214,113.88468276975678,,101.99288633852228
MB,1999,,109.56188716817714,104.18403215607675,86.43932634142877,105.8921245986936,,99.94338946666396
MB,2000,114.42430301402344,110.57215706880226,90.97990349857368,,99.97604701137332,102.47689683539738,102.21296158751868
MB,2001,93.61300156664385,88.46980908774329,97.0389300636782,93.868062603166,108.03674679623455,96.87546448188075,
MB,2002,96.82060578571785,112.91279272398566,90.72901860701158,95.40893627503488,112.84931604890076,98.61386417694423,
MB,2003,103.82060837292208,99.14962441572776,,100.35525802519436,101.88222285880508,105.56641925435156,95.40638266119213
MB,2004,92.69234042986922,84.87119170141271,95.17154469922842,106.96102581442928,86.51420151722148,117.4237154365446,103.1509643939505
MB,2005,93.7029258798317,116.11869467678996,100.9092731775371,91.78718995631009,102.35463937042474,103.97703178384792,66.08467001155392
MB,2006,101.89677019761916,107.22135909930262,110.08873371016703,122.62759477961218,98.01534946772792,91.48690555072191,101.56818445883556
MB,2007,,112.05754508063002,118.72831664018472,91.45552210056,112.069344288931,83.68901482098926,83.8200398439608
MB,2008,88.92211396593014,95.06533658272804,99.348164926289,88.71699957135293,,99.1050581585453,84.01569519041948
MB,2009,89.30797521979804,105.11151188668302,85.63024437302201,96.04870411870426,97.91306120660826,92.39120425539512,110.05596377311154
MB,2010,122.61007227445586,105.64802942742776,108.79951093701123,94.36188147314964,93.17114742216457,94.12015787546108,97.5064940084966
MB,2011,106.03419110792724,118.72160851222932,98.9201850826281,,95.02162851862514,112.63481035707616,109.26580313619172
MB,2012,100.8098484400577,99.25606634262762,107.7968299657406,,,,95.77788423844076
MB,2013,103.6768410784926,105.39697097051906,108.14709227364705,,116.11394273559938,98.78134574236864,101.33329271927724
MB,2014,99.56476258670486,89.04710831488354,,107.46732392895164,97.83839965548296,87.09615283160659,92.71912397162625
MB,2015,88.7299126840493,101.4277416060199,89.61026925814727,104.52964925959384,116.37262259532984,87.69023183380864,100.8361086471535
MB,2016,96.5516858342166,101.94446633618304,103.8562375531582,108.95216170568456,107.99422826022146,101.78962729138036,111.0968890047376
MB,2017,92.4468144426127,82.53888755717585,,,115.78941196063784,90.2331543990953,119.80043251553306
MB,2018,91.39395864094944,91.05701282488695,92.5478831332096,98.74159100605796,88.00462434619608,85.92788035873669,123.76794249838603
MB,2019,85.72544389740057,82.42982154379698,102.73245708561308,102.16005832431384,110.99236461377464,108.69188418235964,123.98630540443484
MB,2020,97.85689455088858,96.66588018066577,94.5646174694761,91.92891205063526,111.93067183127332,103.71197894185968,99.45958577500018
MB,2021,114.75456517827791,97.18916269330838,,107.4261065362759,93.72275957006312,,99.81718197680266
SK,1990,103.8576994382369,,84.31216077781419,98.20274460970646,82.94211497458957,105.56271099405048,98.400924129195
SK,1991,,112.02737866119952,,98.81406300566684,101.69183747097172,113.63088938879014,113.05663919168374
SK,1992,106.53663606521488,104.5003371264972,103.52629088204382,72.28560532308046,103.03734349973593,108.35194374884732,102.31961479980087
SK,1993,99.38151651805916,106.07307204052914,121.28695779343748,100.96615223567044,89.29263427546834,118.14288086825168,109.8763301875405
SK,1994,124.49037785268484,,88.71686567686548,98.21391745871134,97.14039787724104,74.38046802763232,73.2381296863779
SK,1995,,101.49741799195328,99.02361714690454,105.9719225568226,101.41135101158086,,
SK,1996,82.77202383151858,104.65765673030808,112.05838790386312,95.54756445784798,114.88946339971427,,110.24739666084156
SK,1997,,106.58469890835562,94.37086988897134,87.7820498186204,,112.30222589655874,85.15388309129159
SK,1998,106.70816039840396,104.17709422423376,,89.34549162457246,105.9796723875747,104.95731337856168,104.3946106248432
SK,1999,98.57689833729329,107.50995166157028,115.37536253407984,104.58652235595169,98.95775863910984,98.91904259900036,103.3312682632168
SK,2000,92.50447003945052,107.27184717961096,108.4814148765241,102.21515769383036,,90.0893547796206,91.68670115215882
SK,2001,,90.7688708423877,97.84820493034756,96.37160683228495,121.6544910588314,106.69300677485212,86.64051886018932
SK,2002,77.71268939460727,103.2256942246608,100.47699301817048,91.66068368449444,,92.607625333906,
SK,2003,107.03348774428216,87.00629833620359,,91.377267678077,116.53204181615844,102.66234445837152,
SK,2004,101.08553679803532,100.2129340218859,,97.70464507348882,106.92267920951144,99.97191795437236,98.37194517754124
SK,2005,103.28902532244194,119.4195783568845,102.60676400226907,88.39667606782741,106.73869978166096,104.3933852566636,105.92080287121412
SK,2006,,112.40926291318844,,86.2569898144593,110.89888087840092,100.72582117131284,102.98208451730424
SK,2007,95.92510200364374,111.0697506377405,105.9650196370961,116.87467339880742,99.02380508856372,86.82929659906348,83.65609215273778
SK,2008,89.24846336561568,99.34524626597788,101.3305459372786,89.80195607754496,95.25668937016896,85.78921076971253,
SK,2009,99.29845138498848,97.76036371437937,78.92436330078716,,105.94165480935364,115.20651809525852,70.9509062918603
SK,2010,,100.07018427502604,101.108029444626,101.77261819811754,99.57880692445586,95.1989371541836,86.33846478145178
SK,2011,118.84442823174584,112.19119529174476,114.44433665897324,89.7114367443879,104.43885030589593,85.30813933998566,100.58578103801844
SK,2012,98.5392608293244,91.6445148368574,104.18399584730471,87.38586999257107,91.4936936095825,105.21490810880528,94.88903504862148
SK,2013,99.15186573100917,96.0341049350642,104.39414973012448,99.88339200351264,106.03102418727228,98.28645788167044,102.20064350173176
SK,2014,87.57639754040531,116.89357737033998,102.71810090571655,95.68423199804889,110.05206235627622,92.61628844432582,92.85121379422448
SK,2015,86.44626364931072,98.21580693673192,85.56461248801486,115.775766020102,88.8980107252684,103.22996654812236,100.73905674357104
SK,2016,84.48126542881343,118.35257778821864,93.57850883030866,120.59459418852894,,101.27335627499124,93.49400542804092
SK,2017,116.48599782824805,92.4331242960553,,80.11490063323993,,,73.54738677220806
SK,2018,92.5795513203157,102.7978087579728,103.61674897960472,94.44264105076635,104.31998623666207,100.4140398961698,111.80320258675052
SK,2019,92.81833186563908,95.16277573195396,,,,108.7811772446041,86.1365339711563
SK,2020,107.2480742519314,108.38421404921438,108.49921573555298,101.83422005255991,110.88880908321624,102.86469787200367,113.22518218513356
SK,2021,73.29490415090198,,108.39157289641366,86.8810767576563,103.81974544990366,91.30988350377456,97.68449344269078
AB,1990,93.57654650456826,119.75320274825287,87.38387939055343,96.97579374164066,108.60032506339694,89.11906402999155,108.0840469188272
AB,1991,100.02883896414292,108.20756040705194,103.9344768947746,104.59954994330316,104.56105629891782,109.90169193401236,114.01199625041455
AB,1992,,95.65275282412463,106.10416488659114,,113.37403213084548,96.3951834744931,94.6285421478877
AB,1993,93.11180316621136,90.86530439402672,91.75678538882453,97.7096961954892,89.00101120008036,96.9508252518743,87.13131465347836
AB,1994,89.09113039642556,95.10245512800893,94.37549241438192,93.0634179315638,72.50250677140282,97.27162450416397,105.70367541078384
AB,1995,,98.29536674208188,107.18225965155706,102.95889654964496,110.93081492503693,104.66658438842632,110.90048245944384
AB,1996,92.75729985151024,101.81261567444578,,98.05888712952331,88.78732801860983,110.34239234401502,94.83913492727169
AB,1997,92.07520083122714,102.46529355488286,,86.60874563840316,,95.55820377586512,101.11957718372878
AB,1998,104.43361808055532,107.87959841374524,103.45243969244028,77.23870251953169,95.5439499463745,89.21131455666534,126.97555019691266
AB,1999,106.75682330177466,,,116.72185544202236,96.638431603981,105.68208316078398,92.68019041729026
AB,2000,90.09622111283616,101.5691887303482,103.56729947987807,95.84437693532776,83.59469064450477,,99.97426779168698
AB,2001,96.60125277618044,96.91110153415694,105.98774677439326,90.62763443935958,100.58903687134136,104.97584447306572,91.54946879339153
AB,2002,99.13890679398652,88.73626004137176,93.08226569344193,101.56816033498046,93.01258938990556,118.06162909359526,
AB,2003,100.79258560580688,103.0592147154395,110.26524063323534,96.41468824746312,103.73179765900332,101.57093782800727,120.0676059663984
AB,2004,70.625244511095,85.934758277297,112.16507390485424,100.10628099081042,88.06582480645864,94.11505401351836,96.25537094929749
AB,2005,108.10838866697658,115.90865745124752,108.94132713192168,113.46562513267186,111.9038185444331,94.9313375221149,108.61970560615242
AB,2006,,,107.10593433785702,92.60527224514342,107.3259660637958,118.17789872035712,92.89184205779766
AB,2007,102.22551662106916,108.08323098728393,110.84526885789612,90.32726432723018,105.31525108618833,84.64986036902391,98.19521484726572
AB,2008,98.3009842372008,99.576320950307,116.15304989137384,90.27631934667804,96.04444088856476,120.46054310730614,91.72300840771706
AB,2009,94.73048041360867,93.30460909681352,,,89.0016629086544,108.14298441707952,104.5735605513016
AB,2010,92.63629943928107,100.14240627078505,97.28148393320517,101.54922214181062,98.73462464884211,99.13881227607676,106.415023836812
AB,2011,96.7911843022179,105.51834929215867,105.54193134027516,118.46236992415632,100.55295802450924,89.56529101609281,84.70436784361706
AB,2012,109.04728290194814,95.6750661319685,114.528210165315,102.14335448488274,77.43549149334127,101.36332602701157,87.88084886046644
AB,2013,,90.17164832955864,109.62318839051166,93.7257683195238,84.08812053813246,,112.30949031083034
AB,2014,102.64719561600002,99.2087750915722,92.14654504859487,82.05712868018244,97.14248479717324,107.75835859808696,101.85929428410088
AB,2015,,123.12238551485852,101.03265045929368,93.9660555013496,90.8448094522825,,98.64498835549712
AB,2016,109.05202072103774,81.47642097662744,107.24453305685124,104.23952643133411,98.11529544292976,99.29994722449216,85.15240501382907
AB,2017,91.11484088881582,104.02801724697586,106.47368732956772,110.41217362763572,96.12611516140204,76.76724901701763,82.47845417898357
AB,2018,,111.34474411106493,101.08399653359965,114.99179102106946,92.21177987454048,,106.19626156995275
AB,2019,90.2370029109406,104.86183983410233,112.85997821345129,97.25040858575944,107.91952243033376,89.19994533766075,93.31516149971787
AB,2020,99.1652310607878,104.40456508244664,113.20343376055644,106.59587050914683,97.47645472854352,95.216533456354,103.84338429035012
AB,2021,84.61901833464218,,118.0581313335278,109.85030895281557,,88.83411747516443,91.0720185232263
BC,1990,99.4197804617567,95.09816755211963,97.84514533733255,75.85156535008014,111.94649790129988,98.19758753493524,101.94200792466276
BC,1991,107.86506641013436,,106.73658373705548,104.3368541584828,75.1091040064149,100.386402731224,89.8875977678693
BC,1992,87.66778841373863,93.6764514448408,,98.6263898021629,92.93605689311484,109.62516086547086,100.92622783287572
BC,1993,103.83840539704678,99.94457607159,118.8166996094061,91.36475277661748,93.71441770382478,99.48278997100329,108.96595932997954
BC,1994,83.6538425957509,110.61865007020032,113.89919304005932,97.68438432647928,109.16683606132146,,102.36509600781366
BC,1995,93.27722660620212,82.87389373616098,104.0999094888256,103.41939342514058,86.14517197840038,,106.65322888951948
BC,1996,90.725615300405,92.34268928533125,102.68739890329114,113.68507570022342,119.35159891228184,88.69989435283642,103.2533361597818
BC,1997,110.822003384363,91.18273147920624,95.98739771067912,95.0475542566524,,119.7445442702934,
BC,1998,125.23431091627722,92.5251985073886,99.05678822562884,87.48363446943125,86.26846223506594,102.4779767411552,115.80823844696306
BC,1999,99.05954405939454,105.14028082747149,110.93786716959914,101.77530284155628,112.6749654307397,101.78587551179754,89.55049313126129
BC,2000,104.3630425516392,92.67061842646098,104.0517150799701,109.48506501276472,99.77885995672084,97.11457663017582,116.45082338017974
BC,2001,104.04282606134504,99.52926110911048,113.64475596102268,101.91683772286254,109.13909700465057,99.6111258259777,127.13809010668582
BC,2002,,,107.86989459377575,,91.73068615452196,107.94449389997116,92.85721271638091
BC,2003,108.55569088607658,97.64289374052866,93.3785631270264,105.31860147893607,105.40123194871624,109.90822829815993,99.20216330308972
BC,2004,,100.22419800837385,104.80041459232136,89.10410645041404,89.06757170327464,77.13164143809041,102.37785786754397
BC,2005,,,90.2112378571375,,101.31919478404448,106.2430833275633,113.10132826007457
BC,2006,92.52281393251602,108.51200639961242,109.8604055076314,101.79740558820583,80.75434321011078,,87.23349595056479
BC,2007,100.12759069670425,113.48362651727226,101.46045220317836,113.7009961498429,89.8429542380593,106.77516922021294,112.8574162751166
BC,2008,103.87590650857612,117.38392635084249,111.53430465344,95.5850508596433,93.26908588896104,108.40934749149991,90.3365967132421
BC,2009,98.67714536624504,79.94176749568598,95.00761146260126,105.01221911933769,91.49067099431556,93.2005456619416,100.30896218642827
BC,2010,102.5107186775809,102.33718585976705,89.44838924037857,,92.04825794842996,114.71361640543674,105.30742845264318
BC,2011,112.71252042599124,110.82176822328812,96.42485086185222,111.5306994677861,97.2952311110222,91.47749689669048,92.94614079900464
BC,2012,112.2677114917464,92.24464282955527,84.73257155709477,88.58718784927012,99.40899538391194,,75.2648906964277
BC,2013,103.8366759326674,105.93018142434882,111.5562685836356,106.43339684867814,117.33267450941364,89.6583159797108,119.33291353179273
BC,2014,110.33725670447448,91.92592552865356,85.06255614761295,109.01426002019724,100.16321014717828,,87.39592724273409
BC,2015,113.1639739956432,,100.99873649374764,100.64075143849264,103.76013512035912,104.98749977500404,109.28812577259914
BC,2016,112.21874251165754,92.10738453180863,,114.15750538440582,,103.4405124987439,88.4265851595669
BC,2017,95.16781111560398,89.23485914190955,126.53624187464156,118.69965155530386,109.89722723013156,100.52206976442127,110.50906666549363
BC,2018,118.62527227624165,102.11462550138864,,93.45201043746472,85.97624774608084,,105.19312920802106
BC,2019,105.38709991062882,102.55418499313076,88.88760308294182,94.60514914928363,90.09321894869552,,102.81680214718168
BC,2020,102.67554410649797,114.7533685915341,97.3771027551717,90.3629148839088,105.90431495673192,101.56742263293056,95.17875115853631
BC,2021,104.5261660292804,89.92497543628133,110.55737026240053,87.05587654611446,,97.4719232119733,115.82468609065934
YT,1990,,102.2607590784474,,96.17671105220948,116.16968377837544,94.81782114456506,107.34267962656254
YT,1991,89.76444186471787,90.67709050273994,83.52227956919135,89.90832736386957,113.4479170144748,92.8319834267092,87.28623395830172
YT,1992,95.07962250406965,106.36927714131689,111.45666017897376,99.902511240846,88.89261867631883,94.46013694541196,112.77311911623012
YT,1993,100.21055901368334,88.79222125150358,96.56440984990093,118.61621342627942,103.70935671878966,99.6522160823645,95.1934235340588
YT,1994,,104.07837849277104,,82.69464655482457,97.42065249516102,110.10784001184165,103.04814872178252
YT,1995,100.43591656005177,101.6980179113228,93.59925989862822,104.94099261609097,98.38888145872328,,105.89842361053805
YT,1996,106.2101103667292,88.00417411765872,101.61209034385642,88.63359905946174,106.01102400806226,111.85061335660276,89.06370016027086
YT,1997,109.41886779493096,85.34595813681834,91.5746024494259,104.44385375448783,105.71132177708108,,89.20529841640028
YT,1998,,104.29948677837147,98.6563038611334,91.80543494356336,100.17864360536188,84.15162841513649,102.07825098457212
YT,1999,80.05743147957374,100.6456200967028,108.51648217071676,106.3077965972945,106.29896059059602,,95.9078651663393
YT,2000,89.47195378674215,110.5637115832175,114.64393891613634,104.3871440175594,115.35164163724949,89.88439019507537,104.87148960781104
YT,2001,94.33038043005313,115.04850820843164,113.77259276233576,108.30312180896502,96.37198769592176,92.296735478814,103.5233367113134
YT,2002,105.25616108989853,105.30039646300136,110.56274034364722,126.49624307607732,89.81333219615574,,83.84747700378
YT,2003,100.36131567136076,111.83499413109423,,110.97706834935586,89.59875704248967,100.62505528303748,97.56094386969644
YT,2004,113.96383059252364,98.68962115485466,102.87012038670512,102.1743436941746,114.57777246495016,,
YT,2005,93.94239526762678,108.86749927073544,,84.61251600763629,,98.7221907853304,107.87903824730996
YT,2006,98.3693494289044,100.4117540796082,90.70093134040776,92.09377444489112,108.4107920372862,,93.96530104176904
YT,2007,120.65430254378929,111.42083559015946,102.89784901424048,102.75967340340124,102.44213839753384,112.97100246889082,105.7691812207262
YT,2008,106.75407825342252,100.37722805682374,,114.94717924021604,,105.84419134514904,101.27915590303624
YT,2009,102.3704641542862,86.9415147011316,,110.72172678940554,106.21070556578468,109.78372265673434,
YT,2010,94.2671438270522,89.7302720272297,114.30065844224816,103.2739713790335,119.00897862065963,101.5025894464304,117.78932657244737
YT,2011,114.7500555421363,98.25115893362498,80.68685536292587,,101.09709092279488,104.68416602987472,123.46732417374356
YT,2012,109.56229912564318,99.8428234455682,,98.11493275700248,110.52866059616564,98.51346125101948,88.89022167840156
YT,2013,97.21592341426938,89.18385968917208,96.95393917200136,109.91585114165476,74.22502072397519,105.74068085881808,96.65026342444104
YT,2014,116.28959764764474,98.04250292846318,102.09311200494813,101.22798101563916,92.17657437764052,94.46685799559802,123.54273390021424
YT,2015,104.91222878583208,102.61089324755162,101.5139785949658,94.43733280662536,92.1159117073545,84.36828762311515,74.47074555055869
YT,2016,99.03265775915214,99.6162751341618,95.97195417156986,85.97551718463497,97.52304330535496,98.2656379108034,93.73335540003283
YT,2017,75.79722818756301,95.86186561902062,87.24146201979002,107.50663732797108,106.78845037837736,102.91360350995814,104.80748223228034
YT,2018,112.82758482535552,95.60059604774904,,108.01339149892182,96.6812610816412,76.15138509931161,101.6857675727135
YT,2019,98.45612273238012,109.26966423314629,90.71314778783268,82.06537803684122,88.54779834512252,79.63818110339801,110.2534069516807
YT,2020,120.87729392902534,102.37610270361012,87.47816907411716,102.79907792906658,96.66425725294204,97.3613148908135,102.11373660666092
YT,2021,110.55728753543416,96.17375919664528,,124.28082093446528,111.70095352195509,103.30743723174685,105.02598318732528
NT,1990,99.8216259335078,89.58210201686168,107.57688007805515,101.2854905663088,101.50758417534334,86.84861818988715,114.25700062794712
NT,1991,103.99245890703877,110.25319565464594,100.23775919959157,109.45291306525796,,118.08625726560142,
NT,1992,103.14103167744926,111.97418031169263,,,104.41298436714833,112.5374476659359,86.06498429809137
NT,1993,108.076542070406,68.98373154976734,96.09150309964627,112.84427070805692,97.44454046067573,101.2087681795204,108.4729859680396
NT,1994,92.77667611808684,99.19790309783929,102.42952216734388,92.02426791309396,85.53530809793297,88.66755210689855,
NT,1995,,111.54938780485324,102.9856564261986,84.19535825748693,60.97786025487627,116.62255785488824,96.56011069282044
NT,1996,105.1834084944003,89.4918086075006,105.87838064721228,112.74560966073032,112.51780361825492,104.0533611731888,121.60238883740408
NT,1997,96.7637270093145,105.8504822350777,107.5205554838828,118.12483725787162,86.6511531858365,89.55140316819929,106.90200865567878
NT,1998,108.49648343721964,101.16923787696048,,101.04389906668372,103.13639911250164,92.70523786917374,99.611729774935
NT,1999,110.73196514391574,110.75111077022216,106.51661890487604,81.86782268924762,95.36798310596348,90.64574750750496,84.41519481502164
NT,2000,114.93648354087712,89.42213097091641,109.88062922231626,93.5627540267682,98.22655762511104,,100.0230928446793
NT,2001,102.39538118905716,99.601780924933,99.66043253500844,113.35524031159916,86.80401765190024,95.63952656274118,94.30517165044787
NT,2002,118.19148010765358,92.45590305251848,82.26409540480938,,99.015868473888,88.04704574688857,101.72668796077242
NT,2003,95.93553071823236,96.68158016871104,93.00400433098368,,94.99073931084132,,103.31380678650832
NT,2004,109.04309543511808,110.3095834355726,113.3051457667025,102.23717850349004,109.14654979351644,81.92737228003406,96.0645363089269
NT,2005,103.87003528340334,,99.89793947566058,80.0753016442214,,93.40795659381696,97.95245113677592
NT,2006,100.3722241612204,110.13277919860192,89.32486820241554,111.151070327918,101.61828635409547,98.55335148286764,113.96709152111144
NT,2007,85.37740843266093,109.99872999966684,104.65471314324338,97.82658665064142,,109.50873754501718,98.63347291013456
NT,2008,116.15554754095432,86.79678948298205,107.94035209287205,85.41480350710299,,110.87873115971136,98.62434864171055
NT,2009,104.40715912777596,105.9010601749897,94.09478704127824,112.96543504527754,93.06367284897593,92.81996378258988,
NT,2010,93.9884461328394,103.6621210495668,93.1389376280504,91.30568094071964,87.29867317062724,80.76040093829324,104.03234282853384
NT,2011,102.79394657909953,98.11911280190614,121.5176185650254,118.14445230021354,96.7263113358228,87.18222129346627,111.27956880126756
NT,2012,97.74130531062076,112.02974354507576,71.79552473711075,102.77446005146324,86.31058744798099,98.52932008441168,110.91576502940006
NT,2013,110.108213373384,86.22278411333143,105.31722251871028,82.21735032029477,96.46117850791468,89.99071468506136,93.62088656661476
NT,2014,99.00632143965782,95.04335869295171,101.46203447723197,107.64902065731464,90.18177335301878,106.7301567696134,110.9250056816719
NT,2015,87.40620879163627,102.43645598921316,94.82078935412548,99.29675788336054,104.11580071179436,89.63221850694785,
NT,2016,88.1756278625264,92.86940062122584,,84.0039928231459,103.51628168262324,101.6962039036418,102.16197861360496
NT,2017,87.80181345608173,102.48053529776573,92.30851832941244,,92.22315549324296,93.86457004361895,99.9804750483211
NT,2018,100.05786836129826,91.89695923043465,112.93128014444584,,76.81648940253021,102.02376132556732,99.9376908385942
NT,2019,100.8936381541849,92.27798270170764,98.19963363572828,102.85547895238057,104.45187258760016,119.6794631256816,80.46096839352907
NT,2020,115.91125005014932,102.61306904238651,86.23112419853527,110.83512995141116,,,90.69963975238358
NT,2021,119.64726092187786,75.41609868783964,91.51566706326616,111.0767700643651,108.48011137387388,116.19626569836278,
NU,1990,104.04484562263195,101.70892028900003,91.24442970240126,94.0803736016076,106.42947402840264,,105.68999333880024
NU,1991,105.52469961439692,108.82363366413335,,96.34544078969888,94.43252725757438,97.42173200859531,118.78347800787245
NU,1992,105.93621689756088,,89.89538211762587,103.45404259581954,84.37676153596986,99.08105080518524,98.3582224327999
NU,1993,96.55906590783,98.26821938620088,118.79496840467576,108.46911661494497,106.52539065330372,92.12824860305058,101.8567077760474
NU,1994,87.85146642126708,95.9386799641284,93.71841659947684,98.2027914046912,106.71713480987128,89.49332126897204,95.53704236658966
NU,1995,,121.74756645070858,102.9047543569658,98.37702430377388,86.80686217688509,90.55236224500212,80.92041823173261
NU,1996,,98.16658583991992,86.10062250206914,102.71611569789084,81.02967015400233,105.50087901609685,
NU,1997,87.17691998481425,110.30309101793036,102.9506477751832,115.01466205391212,96.12874666191144,86.44874146713887,
NU,1998,107.56581411146767,101.99454440664452,100.85610342957092,100.31203317340352,108.6865960811327,75.32116575086405,109.2430969437082
NU,1999,94.88274098138696,78.21546982368037,101.97828240943636,104.10421080390952,117.65570827528276,,123.87440331167984
NU,2000,112.60246605183424,107.28512310774536,98.22767551598557,101.4207255614312,90.9782992294015,102.28686811294516,91.24701783187297
NU,2001,87.38606812038675,95.082394516684,100.3302675981001,88.56601577621683,103.13632850683123,96.4978164957644,92.3841037801718
NU,2002,91.28317076484034,103.71857341907584,91.45478621501742,99.69221827479792,,101.17691942016704,95.3606709529583
NU,2003,106.4780798115225,99.9401280914881,104.4308700378106,89.38180266123932,107.5499217849385,100.51606953955216,101.89154152394022
NU,2004,107.01054636069256,,82.86811029730654,92.48917703740962,97.4307043111881,109.5103704607806,
NU,2005,111.09784235785816,93.40342205811692,99.81089689239673,99.099433836857,116.96074116812774,91.56341627095382,105.08324568510297
NU,2006,87.72432885437586,106.79748515365335,114.6577002217022,,76.48369161171223,,95.13451045416636
NU,2007,91.5061672545511,90.58214564449024,98.3753985717534,98.75068901574508,106.92178369867004,107.29268493426848,88.79987483253426
NU,2008,103.18142648606388,82.68808072584267,113.4578204716004,93.68679646355103,124.346993404552,116.31774042694514,
NU,2009,90.12458420188268,96.39524570338848,110.42044964545993,84.58629483275982,90.5730496030092,100.657387379693,78.20060321714749
NU,2010,94.94883719304032,,,92.55255482167516,98.23096347265188,104.46935997909138,108.5586868470301
NU,2011,,106.32327479263766,96.8556578696948,104.0830076333489,100.33401033359932,97.05235895846292,97.47374987492958
NU,2012,91.3998395210724,86.0363615054373,112.83851644440657,98.61904027092147,106.39149530067658,,
NU,2013,90.4477153808685,115.88082567729438,101.62044018724546,105.15412427479428,115.0444167229765,102.8976513052083,89.75144170081694
NU,2014,126.43809385639602,81.49939241881552,106.83681382082412,100.65200835277726,89.62356403810212,103.96257646619306,97.92353246395072
NU,2015,,101.51082738795016,120.18536528848712,97.42801728508611,98.65972582949117,101.30722565278622,90.43172485027397
NU,2016,,,94.83773464240592,108.69636720070724,108.84951559690067,99.14100593413106,84.09042173058343
NU,2017,86.42767129733733,95.03009053076788,89.23682431191617,111.80402364618466,95.39751694538349,80.4140430860975,112.57408526788105
NU,2018,96.5454861011168,96.35447684134432,96.602896236488,112.93285104938478,86.13774268887559,87.91269870807338,105.33419309034956
NU,2019,110.40971309307795,110.2089180113079,,100.62864428730056,97.424151057953,112.203103800353,121.98351246902718
NU,2020,106.8789206828618,111.11866503691184,114.53221733882393,95.5703221640414,98.22062390204684,108.8809572387908,97.03724225419872
NU,2021,92.7809324075356,102.3217376586282,103.23997374787427,,,87.9053585942808,86.39163888920353
